<?xml version="1.0" encoding="UTF-8"?>
<project-private xmlns="http://www.netbeans.org/ns/project-private/1">
    <editor-bookmarks xmlns="http://www.netbeans.org/ns/editor-bookmarks/2" lastBookmarkId="0"/>
    <open-files xmlns="http://www.netbeans.org/ns/projectui-open-files/2">
        <group>
            <file>file:/D:/Hardik/College/EJ/Practical/P3/Non-Blocking%20Read%20Operation/web/index.html</file>
            <file>file:/D:/Hardik/College/EJ/Practical/P3/Non-Blocking%20Read%20Operation/src/java/nonblkapp/NonBlockingServlet.java</file>
            <file>file:/D:/Hardik/College/EJ/Practical/P3/Non-Blocking%20Read%20Operation/src/java/nonblkapp/ReadingListener.java</file>
            <file>file:/D:/Hardik/College/EJ/Practical/P3/Non-Blocking%20Read%20Operation/src/java/nonblkapp/ReadingNonBlockingServlet.java</file>
        </group>
    </open-files>
</project-private>
