<?xml version="1.0" encoding="UTF-8"?>
<project-private xmlns="http://www.netbeans.org/ns/project-private/1">
    <editor-bookmarks xmlns="http://www.netbeans.org/ns/editor-bookmarks/2" lastBookmarkId="0"/>
    <open-files xmlns="http://www.netbeans.org/ns/projectui-open-files/2">
        <group>
            <file>file:/D:/Hardik/College/EJ/Practical/P2/Session%20creation%20and%20destruction/web/index.html</file>
            <file>file:/D:/Hardik/College/EJ/Practical/P2/Session%20creation%20and%20destruction/src/java/mypack/Page1.java</file>
            <file>file:/D:/Hardik/College/EJ/Practical/P2/Session%20creation%20and%20destruction/src/java/mypack/Page2.java</file>
            <file>file:/D:/Hardik/College/EJ/Practical/P2/Session%20creation%20and%20destruction/src/java/mypack/LogoutServlet.java</file>
        </group>
    </open-files>
</project-private>
